category,values
15 - 19 years,-5.967487047
20 - 24 years,-1.41095047
25 - 34 years,6.25
35 - 44 years,19.96538503
45 - 54 years,15.38461538
55 - 59 years,13.81457773
60 - 64 years,16.2808109
65 years and over,2.352210882